"region","mean_trees","mean_snags"
"Cherskiy",0.831940182741941,0.150491407124123
"Yakutsk",0.967266598195565,0.0316939946177185
